<?xml version="1.0" encoding="utf-8"?>
<rss version="2.0">
	<sources>
		<item>
			<title>Mars Movies</title>
			<link>http://mars.jpl.nasa.gov/multimedia/videos/movies/</link>
			<publisher>NASA</publisher>
			<country>United States</country>
			<theme>Science</theme>
			<type>Web Folder</type>
			<parentalcontrol>1</parentalcontrol>
			<favorite>Yes</favorite>
		</item>
		<item>
			<title>JPL Photojournal</title>
			<link>http://photojournal.jpl.nasa.gov/jpeg/</link>
			<publisher>NASA</publisher>
			<country>United States</country>
			<theme>Science</theme>
			<type>Web Folder</type>
			<parentalcontrol>1</parentalcontrol>
			<favorite>Yes</favorite>
		</item>
		<item>
			<title>World Flags</title>
			<link>http://openiconlibrary.sourceforge.net/gallery2/Flags/Standard/png/256x256/</link>
			<publisher>openiconlibrary</publisher>
			<country></country>
			<theme></theme>
			<type>Web Folder</type>
			<parentalcontrol>1</parentalcontrol>
			<favorite>Yes</favorite>
		</item>
		<item>
			<title>Mars Science Laboratory</title>
			<link>http://mars.jpl.nasa.gov/multimedia/videos/movies/msl20111213/msl20111213-640.m4v</link>
			<publisher>NASA</publisher>
			<country>United States</country>
			<theme>Science</theme>
			<type>Web Resource</type>
			<parentalcontrol>1</parentalcontrol>
			<favorite>No</favorite>
		</item>
		<!-- CNN -->
		<item>
			<title>Top Stories</title>
			<link>http://rss.cnn.com/rss/edition.rss</link>
			<publisher>CNN</publisher>
			<country>United States</country>
			<theme>News</theme>
			<type>RSS feed</type>
			<parentalcontrol>1</parentalcontrol>
			<favorite>Yes</favorite>
		</item>
		<item>
			<title>CNN News Update</title>
			<link>http://rss.cnn.com/services/podcasting/newscast/rss.xml</link>
			<publisher>CNN</publisher>
			<country>United States</country>
			<theme>News</theme>
			<type>Podcast</type>
			<parentalcontrol>3</parentalcontrol>
			<favorite>Yes</favorite>
		</item>
		<item>
			<title>Anderson Cooper 360° Daily</title>
			<link>http://rss.cnn.com/services/podcasting/ac360/rss.xml</link>
			<thumbnail>http://images.tvrage.com/shows/8/7024.jpg</thumbnail>
			<publisher>CNN</publisher>
			<country>United States</country>
			<theme>News</theme>
			<type>Videocast</type>
			<parentalcontrol>1</parentalcontrol>
			<favorite>No</favorite>
		</item>
		<!-- PSX-Scene -->
		<item>
			<title>Latest news</title>
			<link>http://feeds.feedburner.com/PSXSceneLatestNews</link>
			<publisher>PSX-Scene</publisher>
			<country>United States</country>
			<theme>News</theme>
			<theme>Playstation 3</theme>
			<type>RSS feed</type>
			<parentalcontrol>1</parentalcontrol>
			<favorite>No</favorite>
		</item>
		<!-- PS3Crunch -->
		<item>
			<title>Latest news</title>
			<link>http://www.ps3crunch.net/forum/external.php?type=RSS2&amp;forumids=2</link>
			<publisher>PS3Crunch</publisher>
			<country>United States</country>
			<theme>News</theme>
			<theme>Playstation 3</theme>
			<type>RSS feed</type>
			<parentalcontrol>1</parentalcontrol>
			<favorite>No</favorite>
		</item>
		<!-- PS3Hax -->
		<item>
			<title>Latest news</title>
			<link>http://www.ps3hax.net/rss</link>
			<publisher>PS3Hax</publisher>
			<country>United States</country>
			<theme>News</theme>
			<theme>Playstation 3</theme>
			<type>RSS feed</type>
			<parentalcontrol>1</parentalcontrol>
			<favorite>No</favorite>
		</item>
		<!-- PS3News -->
		<item>
			<title>Latest news</title>
			<link>http://feeds2.feedburner.com/ps3news/KXsI</link>
			<publisher>PS3News</publisher>
			<country>United States</country>
			<theme>News</theme>
			<theme>Playstation 3</theme>
			<type>RSS feed</type>
			<parentalcontrol>1</parentalcontrol>
			<favorite>No</favorite>
		</item>
		<!-- Showtime -->
		<item>
			<title>Recent Activity</title>
			<link>http://www.devtacular.com/utilities/atomtorss/?url=https%3a%2f%2fwww.lonelycoder.com%2fredmine%2fprojects%2fshowtime%2factivity.atom%3fshow_changesets%3d1%26show_issues%3d1%26show_messages%3d1%26show_news%3d1%26show_wiki_edits%3d1</link>
			<publisher>Showtime</publisher>
			<country>Sweden</country>
			<theme>News</theme>
			<theme>Playstation 3</theme>
			<type>RSS feed</type>
			<parentalcontrol>1</parentalcontrol>
			<favorite>No</favorite>
		</item>
		<!-- Picasa -->
		<item>
			<title>Latest pictures</title>
			<link>http://picasaweb.google.com/data/feed/base/all?alt=rss</link>
			<publisher>Picasa</publisher>
			<country>United States</country>
			<theme>Social</theme>
			<type>Imagecast</type>
			<parentalcontrol>1</parentalcontrol>
			<favorite>No</favorite>
		</item>
		<!-- Flicker -->
		<item>
			<title>Latest pictures</title>
			<link>http://api.flickr.com/services/feeds/photos_public.gne?format=rss_200</link>
			<publisher>Flicker</publisher>
			<country>United States</country>
			<theme>Social</theme>
			<type>Imagecast</type>
			<parentalcontrol>1</parentalcontrol>
			<favorite>No</favorite>
		</item>
	</sources>
	<countries>
		<item><title>Åland</title><image>http://openiconlibrary.sourceforge.net/gallery2/Flags/Standard/png/256x256/Flag_of_Åland.png</image></item>
		<item><title>Afghanistan</title><image>http://openiconlibrary.sourceforge.net/gallery2/Flags/Standard/png/256x256/Flag_of_Afghanistan.png</image></item>
		<item><title>Albania</title><image>http://openiconlibrary.sourceforge.net/gallery2/Flags/Standard/png/256x256/Flag_of_Albania.png</image></item>
		<item><title>Alderney</title><image>http://openiconlibrary.sourceforge.net/gallery2/Flags/Standard/png/256x256/Flag_of_Alderney.png</image></item>
		<item><title>Algeria</title><image>http://openiconlibrary.sourceforge.net/gallery2/Flags/Standard/png/256x256/Flag_of_Algeria.png</image></item>
		<item><title>American Samoa</title><image>http://openiconlibrary.sourceforge.net/gallery2/Flags/Standard/png/256x256/Flag_of_American_Samoa.png</image></item>
		<item><title>Andorra</title><image>http://openiconlibrary.sourceforge.net/gallery2/Flags/Standard/png/256x256/Flag_of_Andorra.png</image></item>
		<item><title>Angola</title><image>http://openiconlibrary.sourceforge.net/gallery2/Flags/Standard/png/256x256/Flag_of_Angola.png</image></item>
		<item><title>Anguilla</title><image>http://openiconlibrary.sourceforge.net/gallery2/Flags/Standard/png/256x256/Flag_of_Anguilla.png</image></item>
		<item><title>Antigua and Barbuda</title><image>http://openiconlibrary.sourceforge.net/gallery2/Flags/Standard/png/256x256/Flag_of_Antigua_and_Barbuda.png</image></item>
		<item><title>Argentina</title><image>http://openiconlibrary.sourceforge.net/gallery2/Flags/Standard/png/256x256/Flag_of_Argentina.png</image></item>
		<item><title>Armenia</title><image>http://openiconlibrary.sourceforge.net/gallery2/Flags/Standard/png/256x256/Flag_of_Armenia.png</image></item>
		<item><title>Aruba</title><image>http://openiconlibrary.sourceforge.net/gallery2/Flags/Standard/png/256x256/Flag_of_Aruba.png</image></item>
		<item><title>Australia</title><image>http://openiconlibrary.sourceforge.net/gallery2/Flags/Standard/png/256x256/Flag_of_Australia.png</image></item>
		<item><title>Austria</title><image>http://openiconlibrary.sourceforge.net/gallery2/Flags/Standard/png/256x256/Flag_of_Austria.png</image></item>
		<item><title>Azerbaijan</title><image>http://openiconlibrary.sourceforge.net/gallery2/Flags/Standard/png/256x256/Flag_of_Azerbaijan.png</image></item>
		<item><title>Bahrain</title><image>http://openiconlibrary.sourceforge.net/gallery2/Flags/Standard/png/256x256/Flag_of_Bahrain.png</image></item>
		<item><title>Bangladesh</title><image>http://openiconlibrary.sourceforge.net/gallery2/Flags/Standard/png/256x256/Flag_of_Bangladesh.png</image></item>
		<item><title>Barbados</title><image>http://openiconlibrary.sourceforge.net/gallery2/Flags/Standard/png/256x256/Flag_of_Barbados.png</image></item>
		<item><title>Belarus</title><image>http://openiconlibrary.sourceforge.net/gallery2/Flags/Standard/png/256x256/Flag_of_Belarus.png</image></item>
		<item><title>Belgium</title><image>http://openiconlibrary.sourceforge.net/gallery2/Flags/Standard/png/256x256/Flag_of_Belgium.png</image></item>
		<item><title>Belize</title><image>http://openiconlibrary.sourceforge.net/gallery2/Flags/Standard/png/256x256/Flag_of_Belize.png</image></item>
		<item><title>Benin</title><image>http://openiconlibrary.sourceforge.net/gallery2/Flags/Standard/png/256x256/Flag_of_Benin.png</image></item>
		<item><title>Bermuda</title><image>http://openiconlibrary.sourceforge.net/gallery2/Flags/Standard/png/256x256/Flag_of_Bermuda.png</image></item>
		<item><title>Bhutan</title><image>http://openiconlibrary.sourceforge.net/gallery2/Flags/Standard/png/256x256/Flag_of_Bhutan.png</image></item>
		<item><title>Bolivia (state)</title><image>http://openiconlibrary.sourceforge.net/gallery2/Flags/Standard/png/256x256/Flag_of_Bolivia_(state).png</image></item>
		<item><title>Bonaire</title><image>http://openiconlibrary.sourceforge.net/gallery2/Flags/Standard/png/256x256/Flag_of_Bonaire.png</image></item>
		<item><title>Bosnia and Herzegovina</title><image>http://openiconlibrary.sourceforge.net/gallery2/Flags/Standard/png/256x256/Flag_of_Bosnia_and_Herzegovina.png</image></item>
		<item><title>Botswana</title><image>http://openiconlibrary.sourceforge.net/gallery2/Flags/Standard/png/256x256/Flag_of_Botswana.png</image></item>
		<item><title>Brazil</title><image>http://openiconlibrary.sourceforge.net/gallery2/Flags/Standard/png/256x256/Flag_of_Brazil.png</image></item>
		<item><title>Brunei</title><image>http://openiconlibrary.sourceforge.net/gallery2/Flags/Standard/png/256x256/Flag_of_Brunei.png</image></item>
		<item><title>Bulgaria</title><image>http://openiconlibrary.sourceforge.net/gallery2/Flags/Standard/png/256x256/Flag_of_Bulgaria.png</image></item>
		<item><title>Burkina Faso</title><image>http://openiconlibrary.sourceforge.net/gallery2/Flags/Standard/png/256x256/Flag_of_Burkina_Faso.png</image></item>
		<item><title>Burundi</title><image>http://openiconlibrary.sourceforge.net/gallery2/Flags/Standard/png/256x256/Flag_of_Burundi.png</image></item>
		<item><title>Cambodia</title><image>http://openiconlibrary.sourceforge.net/gallery2/Flags/Standard/png/256x256/Flag_of_Cambodia.png</image></item>
		<item><title>Cameroon</title><image>http://openiconlibrary.sourceforge.net/gallery2/Flags/Standard/png/256x256/Flag_of_Cameroon.png</image></item>
		<item><title>Canada</title><image>http://openiconlibrary.sourceforge.net/gallery2/Flags/Standard/png/256x256/Flag_of_Canada.png</image></item>
		<item><title>Cape Verde</title><image>http://openiconlibrary.sourceforge.net/gallery2/Flags/Standard/png/256x256/Flag_of_Cape_Verde.png</image></item>
		<item><title>Chad</title><image>http://openiconlibrary.sourceforge.net/gallery2/Flags/Standard/png/256x256/Flag_of_Chad.png</image></item>
		<item><title>Chile</title><image>http://openiconlibrary.sourceforge.net/gallery2/Flags/Standard/png/256x256/Flag_of_Chile.png</image></item>
		<item><title>Christmas Island</title><image>http://openiconlibrary.sourceforge.net/gallery2/Flags/Standard/png/256x256/Flag_of_Christmas_Island.png</image></item>
		<item><title>Colombia</title><image>http://openiconlibrary.sourceforge.net/gallery2/Flags/Standard/png/256x256/Flag_of_Colombia.png</image></item>
		<item><title>Costa Rica</title><image>http://openiconlibrary.sourceforge.net/gallery2/Flags/Standard/png/256x256/Flag_of_Costa_Rica.png</image></item>
		<item><title>Cote d'Ivoire</title><image>http://openiconlibrary.sourceforge.net/gallery2/Flags/Standard/png/256x256/Flag_of_Cote_d'Ivoire.png</image></item>
		<item><title>Croatia</title><image>http://openiconlibrary.sourceforge.net/gallery2/Flags/Standard/png/256x256/Flag_of_Croatia.png</image></item>
		<item><title>Cuba</title><image>http://openiconlibrary.sourceforge.net/gallery2/Flags/Standard/png/256x256/Flag_of_Cuba.png</image></item>
		<item><title>Curaçao</title><image>http://openiconlibrary.sourceforge.net/gallery2/Flags/Standard/png/256x256/Flag_of_Curaçao.png</image></item>
		<item><title>Cyprus</title><image>http://openiconlibrary.sourceforge.net/gallery2/Flags/Standard/png/256x256/Flag_of_Cyprus.png</image></item>
		<item><title>Denmark</title><image>http://openiconlibrary.sourceforge.net/gallery2/Flags/Standard/png/256x256/Flag_of_Denmark.png</image></item>
		<item><title>Djibouti</title><image>http://openiconlibrary.sourceforge.net/gallery2/Flags/Standard/png/256x256/Flag_of_Djibouti.png</image></item>
		<item><title>Dominica</title><image>http://openiconlibrary.sourceforge.net/gallery2/Flags/Standard/png/256x256/Flag_of_Dominica.png</image></item>
		<item><title>East Timor</title><image>http://openiconlibrary.sourceforge.net/gallery2/Flags/Standard/png/256x256/Flag_of_East_Timor.png</image></item>
		<item><title>Ecuador</title><image>http://openiconlibrary.sourceforge.net/gallery2/Flags/Standard/png/256x256/Flag_of_Ecuador.png</image></item>
		<item><title>Egypt</title><image>http://openiconlibrary.sourceforge.net/gallery2/Flags/Standard/png/256x256/Flag_of_Egypt.png</image></item>
		<item><title>El Salvador</title><image>http://openiconlibrary.sourceforge.net/gallery2/Flags/Standard/png/256x256/Flag_of_El_Salvador.png</image></item>
		<item><title>Equatorial Guinea</title><image>http://openiconlibrary.sourceforge.net/gallery2/Flags/Standard/png/256x256/Flag_of_Equatorial_Guinea.png</image></item>
		<item><title>Eritrea</title><image>http://openiconlibrary.sourceforge.net/gallery2/Flags/Standard/png/256x256/Flag_of_Eritrea.png</image></item>
		<item><title>Estonia</title><image>http://openiconlibrary.sourceforge.net/gallery2/Flags/Standard/png/256x256/Flag_of_Estonia.png</image></item>
		<item><title>Ethiopia</title><image>http://openiconlibrary.sourceforge.net/gallery2/Flags/Standard/png/256x256/Flag_of_Ethiopia.png</image></item>
		<item><title>Federated States of Micronesia</title><image>http://openiconlibrary.sourceforge.net/gallery2/Flags/Standard/png/256x256/Flag_of_Federated_States_of_Micronesia.png</image></item>
		<item><title>Fiji</title><image>http://openiconlibrary.sourceforge.net/gallery2/Flags/Standard/png/256x256/Flag_of_Fiji.png</image></item>
		<item><title>Finland</title><image>http://openiconlibrary.sourceforge.net/gallery2/Flags/Standard/png/256x256/Flag_of_Finland.png</image></item>
		<item><title>France</title><image>http://openiconlibrary.sourceforge.net/gallery2/Flags/Standard/png/256x256/Flag_of_France.png</image></item>
		<item><title>French Polynesia</title><image>http://openiconlibrary.sourceforge.net/gallery2/Flags/Standard/png/256x256/Flag_of_French_Polynesia.png</image></item>
		<item><title>Gabon</title><image>http://openiconlibrary.sourceforge.net/gallery2/Flags/Standard/png/256x256/Flag_of_Gabon.png</image></item>
		<item><title>Georgia</title><image>http://openiconlibrary.sourceforge.net/gallery2/Flags/Standard/png/256x256/Flag_of_Georgia.png</image></item>
		<item><title>Germany</title><image>http://openiconlibrary.sourceforge.net/gallery2/Flags/Standard/png/256x256/Flag_of_Germany.png</image></item>
		<item><title>Ghana</title><image>http://openiconlibrary.sourceforge.net/gallery2/Flags/Standard/png/256x256/Flag_of_Ghana.png</image></item>
		<item><title>Gibraltar</title><image>http://openiconlibrary.sourceforge.net/gallery2/Flags/Standard/png/256x256/Flag_of_Gibraltar.png</image></item>
		<item><title>Greece</title><image>http://openiconlibrary.sourceforge.net/gallery2/Flags/Standard/png/256x256/Flag_of_Greece.png</image></item>
		<item><title>Greenland</title><image>http://openiconlibrary.sourceforge.net/gallery2/Flags/Standard/png/256x256/Flag_of_Greenland.png</image></item>
		<item><title>Grenada</title><image>http://openiconlibrary.sourceforge.net/gallery2/Flags/Standard/png/256x256/Flag_of_Grenada.png</image></item>
		<item><title>Guam</title><image>http://openiconlibrary.sourceforge.net/gallery2/Flags/Standard/png/256x256/Flag_of_Guam.png</image></item>
		<item><title>Guatemala</title><image>http://openiconlibrary.sourceforge.net/gallery2/Flags/Standard/png/256x256/Flag_of_Guatemala.png</image></item>
		<item><title>Guernsey</title><image>http://openiconlibrary.sourceforge.net/gallery2/Flags/Standard/png/256x256/Flag_of_Guernsey.png</image></item>
		<item><title>Guinea-Bissau</title><image>http://openiconlibrary.sourceforge.net/gallery2/Flags/Standard/png/256x256/Flag_of_Guinea-Bissau.png</image></item>
		<item><title>Guinea</title><image>http://openiconlibrary.sourceforge.net/gallery2/Flags/Standard/png/256x256/Flag_of_Guinea.png</image></item>
		<item><title>Guyana</title><image>http://openiconlibrary.sourceforge.net/gallery2/Flags/Standard/png/256x256/Flag_of_Guyana.png</image></item>
		<item><title>Haiti</title><image>http://openiconlibrary.sourceforge.net/gallery2/Flags/Standard/png/256x256/Flag_of_Haiti.png</image></item>
		<item><title>Herm</title><image>http://openiconlibrary.sourceforge.net/gallery2/Flags/Standard/png/256x256/Flag_of_Herm.png</image></item>
		<item><title>Honduras</title><image>http://openiconlibrary.sourceforge.net/gallery2/Flags/Standard/png/256x256/Flag_of_Honduras.png</image></item>
		<item><title>Hong Kong</title><image>http://openiconlibrary.sourceforge.net/gallery2/Flags/Standard/png/256x256/Flag_of_Hong_Kong.png</image></item>
		<item><title>Hungary</title><image>http://openiconlibrary.sourceforge.net/gallery2/Flags/Standard/png/256x256/Flag_of_Hungary.png</image></item>
		<item><title>Iceland</title><image>http://openiconlibrary.sourceforge.net/gallery2/Flags/Standard/png/256x256/Flag_of_Iceland.png</image></item>
		<item><title>India</title><image>http://openiconlibrary.sourceforge.net/gallery2/Flags/Standard/png/256x256/Flag_of_India.png</image></item>
		<item><title>Indonesia</title><image>http://openiconlibrary.sourceforge.net/gallery2/Flags/Standard/png/256x256/Flag_of_Indonesia.png</image></item>
		<item><title>Iran</title><image>http://openiconlibrary.sourceforge.net/gallery2/Flags/Standard/png/256x256/Flag_of_Iran.png</image></item>
		<item><title>Iraq</title><image>http://openiconlibrary.sourceforge.net/gallery2/Flags/Standard/png/256x256/Flag_of_Iraq.png</image></item>
		<item><title>Ireland</title><image>http://openiconlibrary.sourceforge.net/gallery2/Flags/Standard/png/256x256/Flag_of_Ireland.png</image></item>
		<item><title>Israel</title><image>http://openiconlibrary.sourceforge.net/gallery2/Flags/Standard/png/256x256/Flag_of_Israel.png</image></item>
		<item><title>Italy</title><image>http://openiconlibrary.sourceforge.net/gallery2/Flags/Standard/png/256x256/Flag_of_Italy.png</image></item>
		<item><title>Jamaica</title><image>http://openiconlibrary.sourceforge.net/gallery2/Flags/Standard/png/256x256/Flag_of_Jamaica.png</image></item>
		<item><title>Japan</title><image>http://openiconlibrary.sourceforge.net/gallery2/Flags/Standard/png/256x256/Flag_of_Japan.png</image></item>
		<item><title>Jersey</title><image>http://openiconlibrary.sourceforge.net/gallery2/Flags/Standard/png/256x256/Flag_of_Jersey.png</image></item>
		<item><title>Jordan</title><image>http://openiconlibrary.sourceforge.net/gallery2/Flags/Standard/png/256x256/Flag_of_Jordan.png</image></item>
		<item><title>Kazakhstan</title><image>http://openiconlibrary.sourceforge.net/gallery2/Flags/Standard/png/256x256/Flag_of_Kazakhstan.png</image></item>
		<item><title>Kenya</title><image>http://openiconlibrary.sourceforge.net/gallery2/Flags/Standard/png/256x256/Flag_of_Kenya.png</image></item>
		<item><title>Kiribati</title><image>http://openiconlibrary.sourceforge.net/gallery2/Flags/Standard/png/256x256/Flag_of_Kiribati.png</image></item>
		<item><title>Kosovo</title><image>http://openiconlibrary.sourceforge.net/gallery2/Flags/Standard/png/256x256/Flag_of_Kosovo.png</image></item>
		<item><title>Kuwait</title><image>http://openiconlibrary.sourceforge.net/gallery2/Flags/Standard/png/256x256/Flag_of_Kuwait.png</image></item>
		<item><title>Kyrgyzstan</title><image>http://openiconlibrary.sourceforge.net/gallery2/Flags/Standard/png/256x256/Flag_of_Kyrgyzstan.png</image></item>
		<item><title>Laos</title><image>http://openiconlibrary.sourceforge.net/gallery2/Flags/Standard/png/256x256/Flag_of_Laos.png</image></item>
		<item><title>Latvia</title><image>http://openiconlibrary.sourceforge.net/gallery2/Flags/Standard/png/256x256/Flag_of_Latvia.png</image></item>
		<item><title>Lebanon</title><image>http://openiconlibrary.sourceforge.net/gallery2/Flags/Standard/png/256x256/Flag_of_Lebanon.png</image></item>
		<item><title>Lesotho</title><image>http://openiconlibrary.sourceforge.net/gallery2/Flags/Standard/png/256x256/Flag_of_Lesotho.png</image></item>
		<item><title>Liberia</title><image>http://openiconlibrary.sourceforge.net/gallery2/Flags/Standard/png/256x256/Flag_of_Liberia.png</image></item>
		<item><title>Libya</title><image>http://openiconlibrary.sourceforge.net/gallery2/Flags/Standard/png/256x256/Flag_of_Libya.png</image></item>
		<item><title>Liechtenstein</title><image>http://openiconlibrary.sourceforge.net/gallery2/Flags/Standard/png/256x256/Flag_of_Liechtenstein.png</image></item>
		<item><title>Lithuania</title><image>http://openiconlibrary.sourceforge.net/gallery2/Flags/Standard/png/256x256/Flag_of_Lithuania.png</image></item>
		<item><title>Luxembourg</title><image>http://openiconlibrary.sourceforge.net/gallery2/Flags/Standard/png/256x256/Flag_of_Luxembourg.png</image></item>
		<item><title>Macau</title><image>http://openiconlibrary.sourceforge.net/gallery2/Flags/Standard/png/256x256/Flag_of_Macau.png</image></item>
		<item><title>Macedonia</title><image>http://openiconlibrary.sourceforge.net/gallery2/Flags/Standard/png/256x256/Flag_of_Macedonia.png</image></item>
		<item><title>Madagascar</title><image>http://openiconlibrary.sourceforge.net/gallery2/Flags/Standard/png/256x256/Flag_of_Madagascar.png</image></item>
		<item><title>Madeira</title><image>http://openiconlibrary.sourceforge.net/gallery2/Flags/Standard/png/256x256/Flag_of_Madeira.png</image></item>
		<item><title>Malawi</title><image>http://openiconlibrary.sourceforge.net/gallery2/Flags/Standard/png/256x256/Flag_of_Malawi.png</image></item>
		<item><title>Malaysia</title><image>http://openiconlibrary.sourceforge.net/gallery2/Flags/Standard/png/256x256/Flag_of_Malaysia.png</image></item>
		<item><title>Maldives</title><image>http://openiconlibrary.sourceforge.net/gallery2/Flags/Standard/png/256x256/Flag_of_Maldives.png</image></item>
		<item><title>Mali</title><image>http://openiconlibrary.sourceforge.net/gallery2/Flags/Standard/png/256x256/Flag_of_Mali.png</image></item>
		<item><title>Malta</title><image>http://openiconlibrary.sourceforge.net/gallery2/Flags/Standard/png/256x256/Flag_of_Malta.png</image></item>
		<item><title>Mauritania</title><image>http://openiconlibrary.sourceforge.net/gallery2/Flags/Standard/png/256x256/Flag_of_Mauritania.png</image></item>
		<item><title>Mauritius</title><image>http://openiconlibrary.sourceforge.net/gallery2/Flags/Standard/png/256x256/Flag_of_Mauritius.png</image></item>
		<item><title>Mexico</title><image>http://openiconlibrary.sourceforge.net/gallery2/Flags/Standard/png/256x256/Flag_of_Mexico.png</image></item>
		<item><title>Moldova</title><image>http://openiconlibrary.sourceforge.net/gallery2/Flags/Standard/png/256x256/Flag_of_Moldova.png</image></item>
		<item><title>Monaco</title><image>http://openiconlibrary.sourceforge.net/gallery2/Flags/Standard/png/256x256/Flag_of_Monaco.png</image></item>
		<item><title>Mongolia</title><image>http://openiconlibrary.sourceforge.net/gallery2/Flags/Standard/png/256x256/Flag_of_Mongolia.png</image></item>
		<item><title>Montenegro</title><image>http://openiconlibrary.sourceforge.net/gallery2/Flags/Standard/png/256x256/Flag_of_Montenegro.png</image></item>
		<item><title>Montserrat</title><image>http://openiconlibrary.sourceforge.net/gallery2/Flags/Standard/png/256x256/Flag_of_Montserrat.png</image></item>
		<item><title>Morocco</title><image>http://openiconlibrary.sourceforge.net/gallery2/Flags/Standard/png/256x256/Flag_of_Morocco.png</image></item>
		<item><title>Mozambique</title><image>http://openiconlibrary.sourceforge.net/gallery2/Flags/Standard/png/256x256/Flag_of_Mozambique.png</image></item>
		<item><title>Myanmar</title><image>http://openiconlibrary.sourceforge.net/gallery2/Flags/Standard/png/256x256/Flag_of_Myanmar.png</image></item>
		<item><title>Namibia</title><image>http://openiconlibrary.sourceforge.net/gallery2/Flags/Standard/png/256x256/Flag_of_Namibia.png</image></item>
		<item><title>Nauru</title><image>http://openiconlibrary.sourceforge.net/gallery2/Flags/Standard/png/256x256/Flag_of_Nauru.png</image></item>
		<item><title>Nepal</title><image>http://openiconlibrary.sourceforge.net/gallery2/Flags/Standard/png/256x256/Flag_of_Nepal.png</image></item>
		<item><title>New Zealand</title><image>http://openiconlibrary.sourceforge.net/gallery2/Flags/Standard/png/256x256/Flag_of_New_Zealand.png</image></item>
		<item><title>Nicaragua</title><image>http://openiconlibrary.sourceforge.net/gallery2/Flags/Standard/png/256x256/Flag_of_Nicaragua.png</image></item>
		<item><title>Niger</title><image>http://openiconlibrary.sourceforge.net/gallery2/Flags/Standard/png/256x256/Flag_of_Niger.png</image></item>
		<item><title>Nigeria</title><image>http://openiconlibrary.sourceforge.net/gallery2/Flags/Standard/png/256x256/Flag_of_Nigeria.png</image></item>
		<item><title>Niue</title><image>http://openiconlibrary.sourceforge.net/gallery2/Flags/Standard/png/256x256/Flag_of_Niue.png</image></item>
		<item><title>Norfolk Island</title><image>http://openiconlibrary.sourceforge.net/gallery2/Flags/Standard/png/256x256/Flag_of_Norfolk_Island.png</image></item>
		<item><title>North Korea</title><image>http://openiconlibrary.sourceforge.net/gallery2/Flags/Standard/png/256x256/Flag_of_North_Korea.png</image></item>
		<item><title>Norway</title><image>http://openiconlibrary.sourceforge.net/gallery2/Flags/Standard/png/256x256/Flag_of_Norway.png</image></item>
		<item><title>Oman</title><image>http://openiconlibrary.sourceforge.net/gallery2/Flags/Standard/png/256x256/Flag_of_Oman.png</image></item>
		<item><title>Pakistan</title><image>http://openiconlibrary.sourceforge.net/gallery2/Flags/Standard/png/256x256/Flag_of_Pakistan.png</image></item>
		<item><title>Palau</title><image>http://openiconlibrary.sourceforge.net/gallery2/Flags/Standard/png/256x256/Flag_of_Palau.png</image></item>
		<item><title>Panama</title><image>http://openiconlibrary.sourceforge.net/gallery2/Flags/Standard/png/256x256/Flag_of_Panama.png</image></item>
		<item><title>Papua New Guinea</title><image>http://openiconlibrary.sourceforge.net/gallery2/Flags/Standard/png/256x256/Flag_of_Papua_New_Guinea.png</image></item>
		<item><title>Paraguay</title><image>http://openiconlibrary.sourceforge.net/gallery2/Flags/Standard/png/256x256/Flag_of_Paraguay.png</image></item>
		<item><title>Peru</title><image>http://openiconlibrary.sourceforge.net/gallery2/Flags/Standard/png/256x256/Flag_of_Peru.png</image></item>
		<item><title>Poland</title><image>http://openiconlibrary.sourceforge.net/gallery2/Flags/Standard/png/256x256/Flag_of_Poland.png</image></item>
		<item><title>Portugal</title><image>http://openiconlibrary.sourceforge.net/gallery2/Flags/Standard/png/256x256/Flag_of_Portugal.png</image></item>
		<item><title>Puerto Rico</title><image>http://openiconlibrary.sourceforge.net/gallery2/Flags/Standard/png/256x256/Flag_of_Puerto_Rico.png</image></item>
		<item><title>Qatar</title><image>http://openiconlibrary.sourceforge.net/gallery2/Flags/Standard/png/256x256/Flag_of_Qatar.png</image></item>
		<item><title>Romania</title><image>http://openiconlibrary.sourceforge.net/gallery2/Flags/Standard/png/256x256/Flag_of_Romania.png</image></item>
		<item><title>Russia</title><image>http://openiconlibrary.sourceforge.net/gallery2/Flags/Standard/png/256x256/Flag_of_Russia.png</image></item>
		<item><title>Rwanda</title><image>http://openiconlibrary.sourceforge.net/gallery2/Flags/Standard/png/256x256/Flag_of_Rwanda.png</image></item>
		<item><title>Saba</title><image>http://openiconlibrary.sourceforge.net/gallery2/Flags/Standard/png/256x256/Flag_of_Saba.png</image></item>
		<item><title>Saint Helena</title><image>http://openiconlibrary.sourceforge.net/gallery2/Flags/Standard/png/256x256/Flag_of_Saint_Helena.png</image></item>
		<item><title>Saint Kitts and Nevis</title><image>http://openiconlibrary.sourceforge.net/gallery2/Flags/Standard/png/256x256/Flag_of_Saint_Kitts_and_Nevis.png</image></item>
		<item><title>Saint Lucia</title><image>http://openiconlibrary.sourceforge.net/gallery2/Flags/Standard/png/256x256/Flag_of_Saint_Lucia.png</image></item>
		<item><title>Saint Vincent and Grenadines</title><image>http://openiconlibrary.sourceforge.net/gallery2/Flags/Standard/png/256x256/Flag_of_Saint_Vincent_and_the_Grenadines.png</image></item>
		<item><title>Samoa</title><image>http://openiconlibrary.sourceforge.net/gallery2/Flags/Standard/png/256x256/Flag_of_Samoa.png</image></item>
		<item><title>San Marino</title><image>http://openiconlibrary.sourceforge.net/gallery2/Flags/Standard/png/256x256/Flag_of_San_Marino.png</image></item>
		<item><title>Sao Tome and Principe</title><image>http://openiconlibrary.sourceforge.net/gallery2/Flags/Standard/png/256x256/Flag_of_Sao_Tome_and_Principe.png</image></item>
		<item><title>Sark</title><image>http://openiconlibrary.sourceforge.net/gallery2/Flags/Standard/png/256x256/Flag_of_Sark.png</image></item>
		<item><title>Saudi Arabia</title><image>http://openiconlibrary.sourceforge.net/gallery2/Flags/Standard/png/256x256/Flag_of_Saudi_Arabia.png</image></item>
		<item><title>Senegal</title><image>http://openiconlibrary.sourceforge.net/gallery2/Flags/Standard/png/256x256/Flag_of_Senegal.png</image></item>
		<item><title>Serbia</title><image>http://openiconlibrary.sourceforge.net/gallery2/Flags/Standard/png/256x256/Flag_of_Serbia.png</image></item>
		<item><title>Sierra Leone</title><image>http://openiconlibrary.sourceforge.net/gallery2/Flags/Standard/png/256x256/Flag_of_Sierra_Leone.png</image></item>
		<item><title>Singapore</title><image>http://openiconlibrary.sourceforge.net/gallery2/Flags/Standard/png/256x256/Flag_of_Singapore.png</image></item>
		<item><title>Sint Eustatius</title><image>http://openiconlibrary.sourceforge.net/gallery2/Flags/Standard/png/256x256/Flag_of_Sint_Eustatius.png</image></item>
		<item><title>Sint Maarten</title><image>http://openiconlibrary.sourceforge.net/gallery2/Flags/Standard/png/256x256/Flag_of_Sint_Maarten.png</image></item>
		<item><title>Slovakia</title><image>http://openiconlibrary.sourceforge.net/gallery2/Flags/Standard/png/256x256/Flag_of_Slovakia.png</image></item>
		<item><title>Slovenia</title><image>http://openiconlibrary.sourceforge.net/gallery2/Flags/Standard/png/256x256/Flag_of_Slovenia.png</image></item>
		<item><title>Somalia</title><image>http://openiconlibrary.sourceforge.net/gallery2/Flags/Standard/png/256x256/Flag_of_Somalia.png</image></item>
		<item><title>South Africa</title><image>http://openiconlibrary.sourceforge.net/gallery2/Flags/Standard/png/256x256/Flag_of_South_Africa.png</image></item>
		<item><title>South Georgia and South Sandwich Islands</title><image>http://openiconlibrary.sourceforge.net/gallery2/Flags/Standard/png/256x256/Flag_of_South_Georgia_and_the_South_Sandwich_Islands.png</image></item>
		<item><title>South Korea</title><image>http://openiconlibrary.sourceforge.net/gallery2/Flags/Standard/png/256x256/Flag_of_South_Korea.png</image></item>
		<item><title>Spain</title><image>http://openiconlibrary.sourceforge.net/gallery2/Flags/Standard/png/256x256/Flag_of_Spain.png</image></item>
		<item><title>Sri Lanka</title><image>http://openiconlibrary.sourceforge.net/gallery2/Flags/Standard/png/256x256/Flag_of_Sri_Lanka.png</image></item>
		<item><title>Sudan</title><image>http://openiconlibrary.sourceforge.net/gallery2/Flags/Standard/png/256x256/Flag_of_Sudan.png</image></item>
		<item><title>Suriname</title><image>http://openiconlibrary.sourceforge.net/gallery2/Flags/Standard/png/256x256/Flag_of_Suriname.png</image></item>
		<item><title>Swaziland</title><image>http://openiconlibrary.sourceforge.net/gallery2/Flags/Standard/png/256x256/Flag_of_Swaziland.png</image></item>
		<item><title>Sweden</title><image>http://openiconlibrary.sourceforge.net/gallery2/Flags/Standard/png/256x256/Flag_of_Sweden.png</image></item>
		<item><title>Switzerland</title><image>http://openiconlibrary.sourceforge.net/gallery2/Flags/Standard/png/256x256/Flag_of_Switzerland.png</image></item>
		<item><title>Syria</title><image>http://openiconlibrary.sourceforge.net/gallery2/Flags/Standard/png/256x256/Flag_of_Syria.png</image></item>
		<item><title>Tajikistan</title><image>http://openiconlibrary.sourceforge.net/gallery2/Flags/Standard/png/256x256/Flag_of_Tajikistan.png</image></item>
		<item><title>Tanzania</title><image>http://openiconlibrary.sourceforge.net/gallery2/Flags/Standard/png/256x256/Flag_of_Tanzania.png</image></item>
		<item><title>Thailand</title><image>http://openiconlibrary.sourceforge.net/gallery2/Flags/Standard/png/256x256/Flag_of_Thailand.png</image></item>
		<item><title>Gambia</title><image>http://openiconlibrary.sourceforge.net/gallery2/Flags/Standard/png/256x256/Flag_of_The_Gambia.png</image></item>
		<item><title>Togo</title><image>http://openiconlibrary.sourceforge.net/gallery2/Flags/Standard/png/256x256/Flag_of_Togo.png</image></item>
		<item><title>Tokelau</title><image>http://openiconlibrary.sourceforge.net/gallery2/Flags/Standard/png/256x256/Flag_of_Tokelau.png</image></item>
		<item><title>Tonga</title><image>http://openiconlibrary.sourceforge.net/gallery2/Flags/Standard/png/256x256/Flag_of_Tonga.png</image></item>
		<item><title>Trinidad and Tobago</title><image>http://openiconlibrary.sourceforge.net/gallery2/Flags/Standard/png/256x256/Flag_of_Trinidad_and_Tobago.png</image></item>
		<item><title>Tristan da Cunha</title><image>http://openiconlibrary.sourceforge.net/gallery2/Flags/Standard/png/256x256/Flag_of_Tristan_da_Cunha.png</image></item>
		<item><title>Tunisia</title><image>http://openiconlibrary.sourceforge.net/gallery2/Flags/Standard/png/256x256/Flag_of_Tunisia.png</image></item>
		<item><title>Turkey</title><image>http://openiconlibrary.sourceforge.net/gallery2/Flags/Standard/png/256x256/Flag_of_Turkey.png</image></item>
		<item><title>Turkmenistan</title><image>http://openiconlibrary.sourceforge.net/gallery2/Flags/Standard/png/256x256/Flag_of_Turkmenistan.png</image></item>
		<item><title>Tuvalu</title><image>http://openiconlibrary.sourceforge.net/gallery2/Flags/Standard/png/256x256/Flag_of_Tuvalu.png</image></item>
		<item><title>Uganda</title><image>http://openiconlibrary.sourceforge.net/gallery2/Flags/Standard/png/256x256/Flag_of_Uganda.png</image></item>
		<item><title>Ukraine</title><image>http://openiconlibrary.sourceforge.net/gallery2/Flags/Standard/png/256x256/Flag_of_Ukraine.png</image></item>
		<item><title>Uruguay</title><image>http://openiconlibrary.sourceforge.net/gallery2/Flags/Standard/png/256x256/Flag_of_Uruguay.png</image></item>
		<item><title>Uzbekistan</title><image>http://openiconlibrary.sourceforge.net/gallery2/Flags/Standard/png/256x256/Flag_of_Uzbekistan.png</image></item>
		<item><title>Vanuatu</title><image>http://openiconlibrary.sourceforge.net/gallery2/Flags/Standard/png/256x256/Flag_of_Vanuatu.png</image></item>
		<item><title>Venezuela (state)</title><image>http://openiconlibrary.sourceforge.net/gallery2/Flags/Standard/png/256x256/Flag_of_Venezuela_(state).png</image></item>
		<item><title>Vietnam</title><image>http://openiconlibrary.sourceforge.net/gallery2/Flags/Standard/png/256x256/Flag_of_Vietnam.png</image></item>
		<item><title>Yemen</title><image>http://openiconlibrary.sourceforge.net/gallery2/Flags/Standard/png/256x256/Flag_of_Yemen.png</image></item>
		<item><title>Zambia</title><image>http://openiconlibrary.sourceforge.net/gallery2/Flags/Standard/png/256x256/Flag_of_Zambia.png</image></item>
		<item><title>Zimbabwe</title><image>http://openiconlibrary.sourceforge.net/gallery2/Flags/Standard/png/256x256/Flag_of_Zimbabwe.png</image></item>
		<item><title>Azores</title><image>http://openiconlibrary.sourceforge.net/gallery2/Flags/Standard/png/256x256/Flag_of_the_Azores.png</image></item>
		<item><title>Bahamas</title><image>http://openiconlibrary.sourceforge.net/gallery2/Flags/Standard/png/256x256/Flag_of_the_Bahamas.png</image></item>
		<item><title>British Antarctic Territory</title><image>http://openiconlibrary.sourceforge.net/gallery2/Flags/Standard/png/256x256/Flag_of_the_British_Antarctic_Territory.png</image></item>
		<item><title>British Indian Ocean Territory</title><image>http://openiconlibrary.sourceforge.net/gallery2/Flags/Standard/png/256x256/Flag_of_the_British_Indian_Ocean_Territory.png</image></item>
		<item><title>British Virgin Islands</title><image>http://openiconlibrary.sourceforge.net/gallery2/Flags/Standard/png/256x256/Flag_of_the_British_Virgin_Islands.png</image></item>
		<item><title>Cayman Islands</title><image>http://openiconlibrary.sourceforge.net/gallery2/Flags/Standard/png/256x256/Flag_of_the_Cayman_Islands.png</image></item>
		<item><title>Central African Republic</title><image>http://openiconlibrary.sourceforge.net/gallery2/Flags/Standard/png/256x256/Flag_of_the_Central_African_Republic.png</image></item>
		<item><title>Cocos (Keeling) Islands</title><image>http://openiconlibrary.sourceforge.net/gallery2/Flags/Standard/png/256x256/Flag_of_the_Cocos_(Keeling)_Islands.png</image></item>
		<item><title>Comoros</title><image>http://openiconlibrary.sourceforge.net/gallery2/Flags/Standard/png/256x256/Flag_of_the_Comoros.png</image></item>
		<item><title>Cook Islands</title><image>http://openiconlibrary.sourceforge.net/gallery2/Flags/Standard/png/256x256/Flag_of_the_Cook_Islands.png</image></item>
		<item><title>Czech Republic</title><image>http://openiconlibrary.sourceforge.net/gallery2/Flags/Standard/png/256x256/Flag_of_the_Czech_Republic.png</image></item>
		<item><title>Democratic Republic of Congo</title><image>http://openiconlibrary.sourceforge.net/gallery2/Flags/Standard/png/256x256/Flag_of_the_Democratic_Republic_of_the_Congo.png</image></item>
		<item><title>Dominican Republic</title><image>http://openiconlibrary.sourceforge.net/gallery2/Flags/Standard/png/256x256/Flag_of_the_Dominican_Republic.png</image></item>
		<item><title>Falkland Islands</title><image>http://openiconlibrary.sourceforge.net/gallery2/Flags/Standard/png/256x256/Flag_of_the_Falkland_Islands.png</image></item>
		<item><title>Faroe Islands</title><image>http://openiconlibrary.sourceforge.net/gallery2/Flags/Standard/png/256x256/Flag_of_the_Faroe_Islands.png</image></item>
		<item><title>French Southern and Antarctic Lands</title><image>http://openiconlibrary.sourceforge.net/gallery2/Flags/Standard/png/256x256/Flag_of_the_French_Southern_and_Antarctic_Lands.png</image></item>
		<item><title>Isle of Man</title><image>http://openiconlibrary.sourceforge.net/gallery2/Flags/Standard/png/256x256/Flag_of_the_Isle_of_Man.png</image></item>
		<item><title>Marshall Islands</title><image>http://openiconlibrary.sourceforge.net/gallery2/Flags/Standard/png/256x256/Flag_of_the_Marshall_Islands.png</image></item>
		<item><title>Netherlands</title><image>http://openiconlibrary.sourceforge.net/gallery2/Flags/Standard/png/256x256/Flag_of_the_Netherlands.png</image></item>
		<item><title>Netherlands Antilles</title><image>http://openiconlibrary.sourceforge.net/gallery2/Flags/Standard/png/256x256/Flag_of_the_Netherlands_Antilles.png</image></item>
		<item><title>Northern Mariana Islands</title><image>http://openiconlibrary.sourceforge.net/gallery2/Flags/Standard/png/256x256/Flag_of_the_Northern_Mariana_Islands.png</image></item>
		<item><title>People's Republic of China</title><image>http://openiconlibrary.sourceforge.net/gallery2/Flags/Standard/png/256x256/Flag_of_the_People's_Republic_of_China.png</image></item>
		<item><title>Philippines</title><image>http://openiconlibrary.sourceforge.net/gallery2/Flags/Standard/png/256x256/Flag_of_the_Philippines.png</image></item>
		<item><title>Pitcairn Islands</title><image>http://openiconlibrary.sourceforge.net/gallery2/Flags/Standard/png/256x256/Flag_of_the_Pitcairn_Islands.png</image></item>
		<item><title>Republic of China</title><image>http://openiconlibrary.sourceforge.net/gallery2/Flags/Standard/png/256x256/Flag_of_the_Republic_of_China.png</image></item>
		<item><title>Republic of Congo</title><image>http://openiconlibrary.sourceforge.net/gallery2/Flags/Standard/png/256x256/Flag_of_the_Republic_of_the_Congo.png</image></item>
		<item><title>Seychelles</title><image>http://openiconlibrary.sourceforge.net/gallery2/Flags/Standard/png/256x256/Flag_of_the_Seychelles.png</image></item>
		<item><title>Solomon Islands</title><image>http://openiconlibrary.sourceforge.net/gallery2/Flags/Standard/png/256x256/Flag_of_the_Solomon_Islands.png</image></item>
		<item><title>Turks and Caicos Islands</title><image>http://openiconlibrary.sourceforge.net/gallery2/Flags/Standard/png/256x256/Flag_of_the_Turks_and_Caicos_Islands.png</image></item>
		<item><title>United Arab Emirates</title><image>http://openiconlibrary.sourceforge.net/gallery2/Flags/Standard/png/256x256/Flag_of_the_United_Arab_Emirates.png</image></item>
		<item><title>United Kingdom</title><image>http://openiconlibrary.sourceforge.net/gallery2/Flags/Standard/png/256x256/Flag_of_the_United_Kingdom.png</image></item>
		<item><title>United States</title><image>http://openiconlibrary.sourceforge.net/gallery2/Flags/Standard/png/256x256/Flag_of_the_United_States.png</image></item>
		<item><title>United States Virgin Islands</title><image>http://openiconlibrary.sourceforge.net/gallery2/Flags/Standard/png/256x256/Flag_of_the_United_States_Virgin_Islands.png</image></item>
		<item><title>Vatican City</title><image>http://openiconlibrary.sourceforge.net/gallery2/Flags/Standard/png/256x256/Flag_of_the_Vatican_City.png</image></item>
	</countries>
	<themes>
		<item>
			<title>News</title>
			<image>http://oi42.tinypic.com/2ihrvhs.png</image>
		</item>
		<item>
			<title>Playstation 3</title>
			<image>http://oi43.tinypic.com/fd7syv.png</image>
		</item>
	</themes>
	<publishers>
		<item>
			<title>CNN</title>
			<image>http://upload.wikimedia.org/wikipedia/commons/thumb/8/8b/Cnn.svg/200px-Cnn.svg.png</image>
		</item>
		<item>
			<title>PSX-Scene</title>
			<image>http://psx-scene.com/forums/images/newpsx2.png</image>
		</item>
		<item>
			<title>PS3Crunch</title>
			<image>http://www.ps3crunch.net/forum/images/styles/UndergroundStyle/style/logot.png</image>
		</item>
		<item>
			<title>PS3Hax</title>
			<image></image>
		</item>
		<item>
			<title>PS3News</title>
			<image>http://www.ps3news.com/forums/logo.png</image>
		</item>
		<item>
			<title>Showtime</title>
			<image>/dev_hdd0/game/HTSS00003/ICON0.PNG</image>
		</item>
	</publishers>
	<types>
		<item><title>RSS feed</title><image>[WEBMEDIA]resources/types/rssfeed_200x200_24.png</image><textcolor>#FFCC00</textcolor></item>
		<item><title>Imagecast</title><image>[WEBMEDIA]resources/types/imagecast_200x200_24.png</image><textcolor>#ffff00</textcolor></item>
		<item><title>Podcast</title><image>[WEBMEDIA]resources/types/podcast_200x200_24.png</image><textcolor>#ffff99</textcolor></item>
		<item><title>Videocast</title><image>[WEBMEDIA]resources/types/videocast_200x200_24.png</image><textcolor>#ffffff</textcolor></item>
		<item><title>Live TV</title><image>[WEBMEDIA]resources/types/livetv_256x256_24.png</image><textcolor>#66cc00</textcolor></item>
		<item><title>Live Radio</title><image>[WEBMEDIA]resources/types/liveradio_256x256_24.png</image><textcolor>#33cc00</textcolor></item>
		<item><title>Web Resource</title><image>[WEBMEDIA]resources/types/webresource_256x256_24.png</image><textcolor>#ff00ff</textcolor></item>
		<item><title>Web Folder</title><image>[WEBMEDIA]resources/types/webfolder_256x256_24.png</image><textcolor>#ccff00</textcolor></item>
	</types>
</rss>